Field,ID,Type (Type),default,en-us,ru
Description,2,Text,,"Sort thousands of photos and videos in minutes. Fast Media Sorter is a fast, keyboard-driven viewer
and sorter for images and video on Windows.

Open a folder and fly through it: full-screen slideshow, quick panel navigation, and one-key Move /
Copy / Rename / Delete. Assign folders to hotkeys and file each item with a single press -
a digit moves it, Shift and the same digit copies it - or turn on the recipients panel to click those destination folders right over the image and sort one-handed with
the mouse. It plays a broad range of video through its built-in VLC engine - H.264/MP4, AVI, MKV, VP9,
ZMBV and more - and fills letterbox/pillarbox bars with a matching ""ambilight"" background.

Rebuilt as a modern 64-bit app that carries its own runtime: there is nothing extra to install and no
.NET Framework prerequisite. Static and animated WEBP images open everywhere, because the app decodes
them itself instead of needing the Windows ""WebP Image Extensions"" codec that some editions of Windows
lack, and so do HEIC/HEIF and AVIF - the formats iPhones and modern cameras produce - with no paid codec
required. Video always runs through the built-in VLC engine, so it plays the same on systems where the
retired Internet Explorer component is no longer present, now with a full control bar (seek, volume,
audio track and subtitle picking) and ""Open URL.."" to play straight off a network address. Zoom at the
mouse cursor with drag-to-pan, and right-click/middle-click menus put every action right on the picture
or video.

Share folders with your phone: the bundled companion ""Fast Media Sorter: Share Manager"" turns this PC
into a private SFTP server for folders you pick, so the Fast Media Sorter Android app can browse them -
on your home Wi-Fi or over the internet - after a one-time QR pairing. Sharing is strictly opt-in and
stays between your own devices; nothing is uploaded to any third party. Sharing runs while you are
signed in. A separate always-on Server edition, which hosts the same sharing as a Windows service, is
not part of the Store version - it is available from the project website and winget.

Optional on-image OCR translation recognizes text in a picture (fully offline, Tesseract) and overlays
a translation using a provider you configure yourself - a local Ollama model or a LibreTranslate
endpoint. OCR works without any network connection.

No account, no ads, no telemetry. Open source: https://github.com/SerZhyAle/FastMediaSorter_Lite

On the Microsoft Store this app is published as ""FastMediaSorter LITE"".

The interface is available in 13 languages - English, Russian, Ukrainian, German, Italian, Spanish, French, Portuguese, Arabic, Hindi, Bengali, Urdu and Chinese - and follows your Windows display language on first run; a toolbar button switches it any time. Arabic and Urdu are laid out right to left. English, Russian and Ukrainian are proofread by the author; the other ten are machine translations and are not proofread, and corrections are welcome through the issue tracker.","Разберите тысячи фото и видео за минуты. Fast Media Sorter - быстрый просмотрщик и сортировщик
изображений и видео для Windows, управляемый с клавиатуры.

Откройте папку и листайте её мгновенно: полноэкранное слайд-шоу, быстрая навигация по панели и
перемещение / копирование / переименование / удаление одной клавишей. Назначьте папки на горячие
клавиши и раскладывайте файлы одним нажатием - цифра переносит, Shift с той же цифрой копирует -
или включите панель получателей и кликайте по этим
папкам прямо поверх изображения, сортируя одной рукой мышью. Видео воспроизводится встроенным
движком VLC - H.264/MP4, AVI, MKV, VP9, ZMBV и другие - а поля по краям кадра заполняются фоном в
стиле ""ambilight"" под цвет изображения.

Программа пересобрана как современное 64-битное приложение со своей средой выполнения: ничего
доустанавливать не нужно, .NET Framework больше не требуется. Статические и анимированные
WEBP-изображения открываются везде - приложение декодирует их само, без кодека Windows ""WebP Image
Extensions"", которого нет в некоторых редакциях Windows, а также HEIC/HEIF и AVIF - форматы,
которые снимают iPhone и современные камеры - без каких-либо платных кодеков. Видео всегда идёт
через встроенный движок VLC, поэтому оно одинаково воспроизводится и на системах, где компонента
Internet Explorer больше нет, и теперь с полноценной панелью управления (перемотка, громкость,
выбор аудиодорожки и субтитров) и командой ""Открыть по адресу.."" для воспроизведения прямо по
сетевому пути. Масштабирование под курсором мыши с перетаскиванием, а меню по правому/среднему
клику выносят все действия прямо на изображение или видео.

Раздавайте папки на телефон: программа-компаньон ""Fast Media Sorter: Share Manager"" превращает этот
ПК в частный SFTP-сервер для выбранных вами папок, чтобы Android-приложение Fast Media Sorter
открывало их - в домашней сети Wi-Fi или через интернет - после однократного подключения по QR-коду.
Раздача включается только по вашему желанию и остаётся между вашими устройствами; никуда на сторону
ничего не выгружается. Раздача работает, пока вы вошли в систему. Отдельная серверная редакция,
которая поднимает ту же раздачу как службу Windows, в версию из Store не входит - она доступна на
сайте проекта и через winget.

Необязательный перевод текста прямо на картинке: распознавание полностью офлайн (Tesseract) и
наложение перевода через выбранного вами провайдера - локальную модель Ollama или сервер
LibreTranslate. Распознавание работает без интернета.

Без аккаунта, без рекламы, без телеметрии. Открытый исходный код:
https://github.com/SerZhyAle/FastMediaSorter_Lite

В Microsoft Store приложение публикуется как ""FastMediaSorter LITE"".

Интерфейс доступен на 13 языках - английском, русском, украинском, немецком, итальянском, испанском, французском, португальском, арабском, хинди, бенгальском, урду и китайском - и при первом запуске берёт язык интерфейса Windows; кнопка на панели переключает его в любой момент. Арабский и урду идут справа налево. Автором вычитаны английский, русский и украинский; остальные десять сделаны машиной и не вычитаны, поправки приветствуются через issue-трекер."
ReleaseNotes,3,Text,,"- One speech balloon is one plate again. Translated text used to break a single balloon into two or three plates: lines set in capitals have no descenders, so the space beneath them looked like a paragraph break and the translator was handed fragments instead of a sentence. A heading is no longer swallowed by the paragraph under it.
- A long translation no longer loses its tail in silence. The text shrinks first, then the plate grows downwards - never past the picture edge, never into the plate below - and only then is anything trimmed. On a short block the text no longer spills outside its own plate.
- A screenshot or a form no longer arrives as one plate covering most of the picture: it is split into one plate per line, and no recognized text is lost.
- The translation plate takes its background and text colours from the picture underneath it, instead of being the same nearly-white rectangle on every image.
- Zooming and resizing a picture full of translated text got noticeably lighter.
- Share Manager: a click on the enlarged QR code also saves it as a picture and puts it on the clipboard.
- The halo around a photo can now appear at three speeds, and by default it is twice as fast as before.","- Одна реплика - одна плашка. Перевод разбивал единственный пузырь на две-три плашки: строки из прописных не имеют выносных элементов, просвет под ними выглядел как разрыв абзаца, и переводчик получал обрывки вместо фразы. Заголовок больше не слипается с абзацем под ним.
- Длинный перевод больше не теряет хвост молча. Сначала уменьшается кегль, затем плашка растёт вниз - не за край картинки и не на плашку под ней, - и только потом что-то обрезается. На низком блоке текст не вылезает за свою плашку.
- Скриншот или бланк больше не приходит одной плашкой на пол-картинки: она распускается по строкам, и ни одно распознанное слово не теряется.
- Плашка перевода берёт цвет фона и текста из картинки под собой, а не остаётся одинаковым почти белым прямоугольником на любом изображении.
- Масштабирование и изменение размера окна на картинке с множеством переводов стали заметно легче.
- Share Manager: клик по увеличенному QR-коду теперь ещё и сохраняет его картинкой и кладёт в буфер обмена.
- Ореол вокруг фотографии появляется с одной из трёх скоростей, по умолчанию вдвое быстрее прежнего."
Title,4,Text,,FastMediaSorter LITE,FastMediaSorter LITE
ShortTitle,5,Text,,,
SortTitle,6,Text,,,
VoiceTitle,7,Text,,,
ShortDescription,8,Text,,"Fast, keyboard-driven photo and video sorter for Windows - 64-bit, no .NET Framework, interface in 13 languages.","Быстрый сортировщик фото и видео для Windows с управлением с клавиатуры - 64-битная сборка, интерфейс на 13 языках."
DevStudio,9,Text,,,
CopyrightTrademarkInformation,12,Text,,,
AdditionalLicenseTerms,13,Text,,,
DesktopScreenshot1,100,Relative path (or URL to file in Partner Center),,https://developer.microsoft.com/en-us/dashboard/apps/9N59Z73WZ53C/submissions/1152921505701655057/listings/1152922700025761155/listingassets/3023393504544634841,https://developer.microsoft.com/en-us/dashboard/apps/9N59Z73WZ53C/submissions/1152921505701655057/listings/1152922700025763687/listingassets/3055099419020406820
DesktopScreenshot2,101,Relative path (or URL to file in Partner Center),,https://developer.microsoft.com/en-us/dashboard/apps/9N59Z73WZ53C/submissions/1152921505701655057/listings/1152922700025761155/listingassets/3025800733625409030,
DesktopScreenshot3,102,Relative path (or URL to file in Partner Center),,,
DesktopScreenshot4,103,Relative path (or URL to file in Partner Center),,,
DesktopScreenshot5,104,Relative path (or URL to file in Partner Center),,,
DesktopScreenshot6,105,Relative path (or URL to file in Partner Center),,,
DesktopScreenshot7,106,Relative path (or URL to file in Partner Center),,,
DesktopScreenshot8,107,Relative path (or URL to file in Partner Center),,,
DesktopScreenshot9,108,Relative path (or URL to file in Partner Center),,,
DesktopScreenshot10,109,Relative path (or URL to file in Partner Center),,,
DesktopScreenshot11,110,Relative path (or URL to file in Partner Center),,,
DesktopScreenshot12,111,Relative path (or URL to file in Partner Center),,,
DesktopScreenshot13,112,Relative path (or URL to file in Partner Center),,,
DesktopScreenshot14,113,Relative path (or URL to file in Partner Center),,,
DesktopScreenshot15,114,Relative path (or URL to file in Partner Center),,,
DesktopScreenshot16,115,Relative path (or URL to file in Partner Center),,,
DesktopScreenshot17,116,Relative path (or URL to file in Partner Center),,,
DesktopScreenshot18,117,Relative path (or URL to file in Partner Center),,,
DesktopScreenshot19,118,Relative path (or URL to file in Partner Center),,,
DesktopScreenshot20,119,Relative path (or URL to file in Partner Center),,,
DesktopScreenshot21,120,Relative path (or URL to file in Partner Center),,,
DesktopScreenshot22,121,Relative path (or URL to file in Partner Center),,,
DesktopScreenshot23,122,Relative path (or URL to file in Partner Center),,,
DesktopScreenshot24,123,Relative path (or URL to file in Partner Center),,,
DesktopScreenshot25,124,Relative path (or URL to file in Partner Center),,,
DesktopScreenshot26,125,Relative path (or URL to file in Partner Center),,,
DesktopScreenshot27,126,Relative path (or URL to file in Partner Center),,,
DesktopScreenshot28,127,Relative path (or URL to file in Partner Center),,,
DesktopScreenshot29,128,Relative path (or URL to file in Partner Center),,,
DesktopScreenshot30,129,Relative path (or URL to file in Partner Center),,,
DesktopScreenshotCaption1,150,Text,,,
DesktopScreenshotCaption2,151,Text,,,
DesktopScreenshotCaption3,152,Text,,,
DesktopScreenshotCaption4,153,Text,,,
DesktopScreenshotCaption5,154,Text,,,
DesktopScreenshotCaption6,155,Text,,,
DesktopScreenshotCaption7,156,Text,,,
DesktopScreenshotCaption8,157,Text,,,
DesktopScreenshotCaption9,158,Text,,,
DesktopScreenshotCaption10,159,Text,,,
DesktopScreenshotCaption11,160,Text,,,
DesktopScreenshotCaption12,161,Text,,,
DesktopScreenshotCaption13,162,Text,,,
DesktopScreenshotCaption14,163,Text,,,
DesktopScreenshotCaption15,164,Text,,,
DesktopScreenshotCaption16,165,Text,,,
DesktopScreenshotCaption17,166,Text,,,
DesktopScreenshotCaption18,167,Text,,,
DesktopScreenshotCaption19,168,Text,,,
DesktopScreenshotCaption20,169,Text,,,
DesktopScreenshotCaption21,170,Text,,,
DesktopScreenshotCaption22,171,Text,,,
DesktopScreenshotCaption23,172,Text,,,
DesktopScreenshotCaption24,173,Text,,,
DesktopScreenshotCaption25,174,Text,,,
DesktopScreenshotCaption26,175,Text,,,
DesktopScreenshotCaption27,176,Text,,,
DesktopScreenshotCaption28,177,Text,,,
DesktopScreenshotCaption29,178,Text,,,
DesktopScreenshotCaption30,179,Text,,,
MobileScreenshot1,200,Relative path (or URL to file in Partner Center),,,
MobileScreenshot2,201,Relative path (or URL to file in Partner Center),,,
MobileScreenshot3,202,Relative path (or URL to file in Partner Center),,,
MobileScreenshot4,203,Relative path (or URL to file in Partner Center),,,
MobileScreenshot5,204,Relative path (or URL to file in Partner Center),,,
MobileScreenshot6,205,Relative path (or URL to file in Partner Center),,,
MobileScreenshot7,206,Relative path (or URL to file in Partner Center),,,
MobileScreenshot8,207,Relative path (or URL to file in Partner Center),,,
MobileScreenshot9,208,Relative path (or URL to file in Partner Center),,,
MobileScreenshot10,209,Relative path (or URL to file in Partner Center),,,
MobileScreenshot11,210,Relative path (or URL to file in Partner Center),,,
MobileScreenshot12,211,Relative path (or URL to file in Partner Center),,,
MobileScreenshot13,212,Relative path (or URL to file in Partner Center),,,
MobileScreenshot14,213,Relative path (or URL to file in Partner Center),,,
MobileScreenshot15,214,Relative path (or URL to file in Partner Center),,,
MobileScreenshot16,215,Relative path (or URL to file in Partner Center),,,
MobileScreenshot17,216,Relative path (or URL to file in Partner Center),,,
MobileScreenshot18,217,Relative path (or URL to file in Partner Center),,,
MobileScreenshot19,218,Relative path (or URL to file in Partner Center),,,
MobileScreenshot20,219,Relative path (or URL to file in Partner Center),,,
MobileScreenshot21,220,Relative path (or URL to file in Partner Center),,,
MobileScreenshot22,221,Relative path (or URL to file in Partner Center),,,
MobileScreenshot23,222,Relative path (or URL to file in Partner Center),,,
MobileScreenshot24,223,Relative path (or URL to file in Partner Center),,,
MobileScreenshot25,224,Relative path (or URL to file in Partner Center),,,
MobileScreenshot26,225,Relative path (or URL to file in Partner Center),,,
MobileScreenshot27,226,Relative path (or URL to file in Partner Center),,,
MobileScreenshot28,227,Relative path (or URL to file in Partner Center),,,
MobileScreenshot29,228,Relative path (or URL to file in Partner Center),,,
MobileScreenshot30,229,Relative path (or URL to file in Partner Center),,,
MobileScreenshotCaption1,250,Text,,,
MobileScreenshotCaption2,251,Text,,,
MobileScreenshotCaption3,252,Text,,,
MobileScreenshotCaption4,253,Text,,,
MobileScreenshotCaption5,254,Text,,,
MobileScreenshotCaption6,255,Text,,,
MobileScreenshotCaption7,256,Text,,,
MobileScreenshotCaption8,257,Text,,,
MobileScreenshotCaption9,258,Text,,,
MobileScreenshotCaption10,259,Text,,,
MobileScreenshotCaption11,260,Text,,,
MobileScreenshotCaption12,261,Text,,,
MobileScreenshotCaption13,262,Text,,,
MobileScreenshotCaption14,263,Text,,,
MobileScreenshotCaption15,264,Text,,,
MobileScreenshotCaption16,265,Text,,,
MobileScreenshotCaption17,266,Text,,,
MobileScreenshotCaption18,267,Text,,,
MobileScreenshotCaption19,268,Text,,,
MobileScreenshotCaption20,269,Text,,,
MobileScreenshotCaption21,270,Text,,,
MobileScreenshotCaption22,271,Text,,,
MobileScreenshotCaption23,272,Text,,,
MobileScreenshotCaption24,273,Text,,,
MobileScreenshotCaption25,274,Text,,,
MobileScreenshotCaption26,275,Text,,,
MobileScreenshotCaption27,276,Text,,,
MobileScreenshotCaption28,277,Text,,,
MobileScreenshotCaption29,278,Text,,,
MobileScreenshotCaption30,279,Text,,,
XboxScreenshot1,300,Relative path (or URL to file in Partner Center),,,
XboxScreenshot2,301,Relative path (or URL to file in Partner Center),,,
XboxScreenshot3,302,Relative path (or URL to file in Partner Center),,,
XboxScreenshot4,303,Relative path (or URL to file in Partner Center),,,
XboxScreenshot5,304,Relative path (or URL to file in Partner Center),,,
XboxScreenshot6,305,Relative path (or URL to file in Partner Center),,,
XboxScreenshot7,306,Relative path (or URL to file in Partner Center),,,
XboxScreenshot8,307,Relative path (or URL to file in Partner Center),,,
XboxScreenshot9,308,Relative path (or URL to file in Partner Center),,,
XboxScreenshot10,309,Relative path (or URL to file in Partner Center),,,
XboxScreenshot11,310,Relative path (or URL to file in Partner Center),,,
XboxScreenshot12,311,Relative path (or URL to file in Partner Center),,,
XboxScreenshot13,312,Relative path (or URL to file in Partner Center),,,
XboxScreenshot14,313,Relative path (or URL to file in Partner Center),,,
XboxScreenshot15,314,Relative path (or URL to file in Partner Center),,,
XboxScreenshot16,315,Relative path (or URL to file in Partner Center),,,
XboxScreenshot17,316,Relative path (or URL to file in Partner Center),,,
XboxScreenshot18,317,Relative path (or URL to file in Partner Center),,,
XboxScreenshot19,318,Relative path (or URL to file in Partner Center),,,
XboxScreenshot20,319,Relative path (or URL to file in Partner Center),,,
XboxScreenshot21,320,Relative path (or URL to file in Partner Center),,,
XboxScreenshot22,321,Relative path (or URL to file in Partner Center),,,
XboxScreenshot23,322,Relative path (or URL to file in Partner Center),,,
XboxScreenshot24,323,Relative path (or URL to file in Partner Center),,,
XboxScreenshot25,324,Relative path (or URL to file in Partner Center),,,
XboxScreenshot26,325,Relative path (or URL to file in Partner Center),,,
XboxScreenshot27,326,Relative path (or URL to file in Partner Center),,,
XboxScreenshot28,327,Relative path (or URL to file in Partner Center),,,
XboxScreenshot29,328,Relative path (or URL to file in Partner Center),,,
XboxScreenshot30,329,Relative path (or URL to file in Partner Center),,,
XboxScreenshotCaption1,350,Text,,,
XboxScreenshotCaption2,351,Text,,,
XboxScreenshotCaption3,352,Text,,,
XboxScreenshotCaption4,353,Text,,,
XboxScreenshotCaption5,354,Text,,,
XboxScreenshotCaption6,355,Text,,,
XboxScreenshotCaption7,356,Text,,,
XboxScreenshotCaption8,357,Text,,,
XboxScreenshotCaption9,358,Text,,,
XboxScreenshotCaption10,359,Text,,,
XboxScreenshotCaption11,360,Text,,,
XboxScreenshotCaption12,361,Text,,,
XboxScreenshotCaption13,362,Text,,,
XboxScreenshotCaption14,363,Text,,,
XboxScreenshotCaption15,364,Text,,,
XboxScreenshotCaption16,365,Text,,,
XboxScreenshotCaption17,366,Text,,,
XboxScreenshotCaption18,367,Text,,,
XboxScreenshotCaption19,368,Text,,,
XboxScreenshotCaption20,369,Text,,,
XboxScreenshotCaption21,370,Text,,,
XboxScreenshotCaption22,371,Text,,,
XboxScreenshotCaption23,372,Text,,,
XboxScreenshotCaption24,373,Text,,,
XboxScreenshotCaption25,374,Text,,,
XboxScreenshotCaption26,375,Text,,,
XboxScreenshotCaption27,376,Text,,,
XboxScreenshotCaption28,377,Text,,,
XboxScreenshotCaption29,378,Text,,,
XboxScreenshotCaption30,379,Text,,,
HolographicScreenshot1,400,Relative path (or URL to file in Partner Center),,,
HolographicScreenshot2,401,Relative path (or URL to file in Partner Center),,,
HolographicScreenshot3,402,Relative path (or URL to file in Partner Center),,,
HolographicScreenshot4,403,Relative path (or URL to file in Partner Center),,,
HolographicScreenshot5,404,Relative path (or URL to file in Partner Center),,,
HolographicScreenshot6,405,Relative path (or URL to file in Partner Center),,,
HolographicScreenshot7,406,Relative path (or URL to file in Partner Center),,,
HolographicScreenshot8,407,Relative path (or URL to file in Partner Center),,,
HolographicScreenshot9,408,Relative path (or URL to file in Partner Center),,,
HolographicScreenshot10,409,Relative path (or URL to file in Partner Center),,,
HolographicScreenshot11,410,Relative path (or URL to file in Partner Center),,,
HolographicScreenshot12,411,Relative path (or URL to file in Partner Center),,,
HolographicScreenshot13,412,Relative path (or URL to file in Partner Center),,,
HolographicScreenshot14,413,Relative path (or URL to file in Partner Center),,,
HolographicScreenshot15,414,Relative path (or URL to file in Partner Center),,,
HolographicScreenshot16,415,Relative path (or URL to file in Partner Center),,,
HolographicScreenshot17,416,Relative path (or URL to file in Partner Center),,,
HolographicScreenshot18,417,Relative path (or URL to file in Partner Center),,,
HolographicScreenshot19,418,Relative path (or URL to file in Partner Center),,,
HolographicScreenshot20,419,Relative path (or URL to file in Partner Center),,,
HolographicScreenshot21,420,Relative path (or URL to file in Partner Center),,,
HolographicScreenshot22,421,Relative path (or URL to file in Partner Center),,,
HolographicScreenshot23,422,Relative path (or URL to file in Partner Center),,,
HolographicScreenshot24,423,Relative path (or URL to file in Partner Center),,,
HolographicScreenshot25,424,Relative path (or URL to file in Partner Center),,,
HolographicScreenshot26,425,Relative path (or URL to file in Partner Center),,,
HolographicScreenshot27,426,Relative path (or URL to file in Partner Center),,,
HolographicScreenshot28,427,Relative path (or URL to file in Partner Center),,,
HolographicScreenshot29,428,Relative path (or URL to file in Partner Center),,,
HolographicScreenshot30,429,Relative path (or URL to file in Partner Center),,,
HolographicScreenshotCaption1,450,Text,,,
HolographicScreenshotCaption2,451,Text,,,
HolographicScreenshotCaption3,452,Text,,,
HolographicScreenshotCaption4,453,Text,,,
HolographicScreenshotCaption5,454,Text,,,
HolographicScreenshotCaption6,455,Text,,,
HolographicScreenshotCaption7,456,Text,,,
HolographicScreenshotCaption8,457,Text,,,
HolographicScreenshotCaption9,458,Text,,,
HolographicScreenshotCaption10,459,Text,,,
HolographicScreenshotCaption11,460,Text,,,
HolographicScreenshotCaption12,461,Text,,,
HolographicScreenshotCaption13,462,Text,,,
HolographicScreenshotCaption14,463,Text,,,
HolographicScreenshotCaption15,464,Text,,,
HolographicScreenshotCaption16,465,Text,,,
HolographicScreenshotCaption17,466,Text,,,
HolographicScreenshotCaption18,467,Text,,,
HolographicScreenshotCaption19,468,Text,,,
HolographicScreenshotCaption20,469,Text,,,
HolographicScreenshotCaption21,470,Text,,,
HolographicScreenshotCaption22,471,Text,,,
HolographicScreenshotCaption23,472,Text,,,
HolographicScreenshotCaption24,473,Text,,,
HolographicScreenshotCaption25,474,Text,,,
HolographicScreenshotCaption26,475,Text,,,
HolographicScreenshotCaption27,476,Text,,,
HolographicScreenshotCaption28,477,Text,,,
HolographicScreenshotCaption29,478,Text,,,
HolographicScreenshotCaption30,479,Text,,,
SurfaceHubScreenshot11,510,Relative path (or URL to file in Partner Center),,,
SurfaceHubScreenshot12,511,Relative path (or URL to file in Partner Center),,,
SurfaceHubScreenshot13,512,Relative path (or URL to file in Partner Center),,,
SurfaceHubScreenshot14,513,Relative path (or URL to file in Partner Center),,,
SurfaceHubScreenshot15,514,Relative path (or URL to file in Partner Center),,,
SurfaceHubScreenshot16,515,Relative path (or URL to file in Partner Center),,,
SurfaceHubScreenshot17,516,Relative path (or URL to file in Partner Center),,,
SurfaceHubScreenshot18,517,Relative path (or URL to file in Partner Center),,,
SurfaceHubScreenshot19,518,Relative path (or URL to file in Partner Center),,,
SurfaceHubScreenshot20,519,Relative path (or URL to file in Partner Center),,,
SurfaceHubScreenshot21,520,Relative path (or URL to file in Partner Center),,,
SurfaceHubScreenshot22,521,Relative path (or URL to file in Partner Center),,,
SurfaceHubScreenshot23,522,Relative path (or URL to file in Partner Center),,,
SurfaceHubScreenshot24,523,Relative path (or URL to file in Partner Center),,,
SurfaceHubScreenshot25,524,Relative path (or URL to file in Partner Center),,,
SurfaceHubScreenshot26,525,Relative path (or URL to file in Partner Center),,,
SurfaceHubScreenshot27,526,Relative path (or URL to file in Partner Center),,,
SurfaceHubScreenshot28,527,Relative path (or URL to file in Partner Center),,,
SurfaceHubScreenshot29,528,Relative path (or URL to file in Partner Center),,,
SurfaceHubScreenshot30,529,Relative path (or URL to file in Partner Center),,,
SurfaceHubScreenshotCaption11,560,Text,,,
SurfaceHubScreenshotCaption12,561,Text,,,
SurfaceHubScreenshotCaption13,562,Text,,,
SurfaceHubScreenshotCaption14,563,Text,,,
SurfaceHubScreenshotCaption15,564,Text,,,
SurfaceHubScreenshotCaption16,565,Text,,,
SurfaceHubScreenshotCaption17,566,Text,,,
SurfaceHubScreenshotCaption18,567,Text,,,
SurfaceHubScreenshotCaption19,568,Text,,,
SurfaceHubScreenshotCaption20,569,Text,,,
SurfaceHubScreenshotCaption21,570,Text,,,
SurfaceHubScreenshotCaption22,571,Text,,,
SurfaceHubScreenshotCaption23,572,Text,,,
SurfaceHubScreenshotCaption24,573,Text,,,
SurfaceHubScreenshotCaption25,574,Text,,,
SurfaceHubScreenshotCaption26,575,Text,,,
SurfaceHubScreenshotCaption27,576,Text,,,
SurfaceHubScreenshotCaption28,577,Text,,,
SurfaceHubScreenshotCaption29,578,Text,,,
SurfaceHubScreenshotCaption30,579,Text,,,
StoreLogo720x1080,600,Relative path (or URL to file in Partner Center),,https://developer.microsoft.com/en-us/dashboard/apps/9N59Z73WZ53C/submissions/1152921505701655057/listings/1152922700025761155/listingassets/3050076764715196387,https://developer.microsoft.com/en-us/dashboard/apps/9N59Z73WZ53C/submissions/1152921505701655057/listings/1152922700025763687/listingassets/3022629546116260337
StoreLogo1080x1080,601,Relative path (or URL to file in Partner Center),,https://developer.microsoft.com/en-us/dashboard/apps/9N59Z73WZ53C/submissions/1152921505701655057/listings/1152922700025761155/listingassets/3036439103532951622,https://developer.microsoft.com/en-us/dashboard/apps/9N59Z73WZ53C/submissions/1152921505701655057/listings/1152922700025763687/listingassets/3025557750549655006
StoreLogo300x300,602,Relative path (or URL to file in Partner Center),,https://developer.microsoft.com/en-us/dashboard/apps/9N59Z73WZ53C/submissions/1152921505701655057/listings/1152922700025761155/listingassets/3057676845112721243,https://developer.microsoft.com/en-us/dashboard/apps/9N59Z73WZ53C/submissions/1152921505701655057/listings/1152922700025763687/listingassets/3043958606557801922
OverrideLogosForWin10,603,True/False,,True,True
StoreLogoOverride150x150,604,Relative path (or URL to file in Partner Center),,https://developer.microsoft.com/en-us/dashboard/apps/9N59Z73WZ53C/submissions/1152921505701655057/listings/1152922700025761155/listingassets/3046912387967780904,https://developer.microsoft.com/en-us/dashboard/apps/9N59Z73WZ53C/submissions/1152921505701655057/listings/1152922700025763687/listingassets/3001348119762024668
StoreLogoOverride71x71,605,Relative path (or URL to file in Partner Center),,https://developer.microsoft.com/en-us/dashboard/apps/9N59Z73WZ53C/submissions/1152921505701655057/listings/1152922700025761155/listingassets/3040752949928120002,https://developer.microsoft.com/en-us/dashboard/apps/9N59Z73WZ53C/submissions/1152921505701655057/listings/1152922700025763687/listingassets/3036918995987892825
PromoImage1920x1080,606,Relative path (or URL to file in Partner Center),,,
PromoImage2400x1200,607,Relative path (or URL to file in Partner Center),,,
XboxBrandedKeyArt584x800,608,Relative path (or URL to file in Partner Center),,,
XboxTitledHero1920x1080,609,Relative path (or URL to file in Partner Center),,,
XboxFeaturedPromo1080x1080,610,Relative path (or URL to file in Partner Center),,,
OptionalPromo358x358,611,Relative path (or URL to file in Partner Center),,,
OptionalPromo1000x800,612,Relative path (or URL to file in Partner Center),,,
OptionalPromo414x180,613,Relative path (or URL to file in Partner Center),,,
Feature1,700,Text,,Fast keyboard-driven sorting: one-key Move / Copy / Rename / Delete with hotkey-assigned folders,Быстрая сортировка с клавиатуры: перемещение / копирование / переименование / удаление одной клавишей с папками на горячих клавишах
Feature2,701,Text,,Optional recipients panel over the media: click destination folders on the image to sort one-handed with the mouse,
Feature3,702,Text,,Full-screen slideshow and quick panel/thumbnail navigation for large image and video collections,
Feature4,703,Text,,"Plays video through a built-in VLC engine: H.264/MP4, AVI, MKV, VP9, ZMBV and more, with no extra codec packs",
Feature5,704,Text,,"Opens static and animated WEBP on its own - no Windows ""WebP Image Extensions"" codec required",
Feature6,705,Text,,"Opens HEIC, HEIF and AVIF too - the formats iPhones and modern cameras produce - with no paid codec needed",
Feature7,706,Text,,"Modern 64-bit build with its own runtime: nothing extra to install, no .NET Framework prerequisite",
Feature8,707,Text,,"Zoom at the mouse cursor with drag-to-pan, plus audio-track and subtitle picking remembered by language",
Feature9,708,Text,,"A video control bar (seek, time, mute, volume) and ""Open URL.."" to play straight off a network address",
Feature10,709,Text,,"Right-click/middle-click menus put every action - rotate, translate, move, delete, and more - right on the picture or video",
Feature11,710,Text,,"""Ambilight"" perspective background fills letterbox/pillarbox bars to match the image",
Feature12,711,Text,,"Share folders to your phone: a bundled tray companion runs a private, opt-in SFTP server paired by QR (Wi-Fi or internet)",
Feature13,712,Text,,Optional on-image OCR translation: offline Tesseract OCR + a translator you configure (Ollama / LibreTranslate),
Feature14,713,Text,,"Set it as your default image viewer for JPG, PNG, GIF, BMP, TIFF, WEBP, HEIC, AVIF and SVG",
Feature15,714,Text,,"Open source, no account, no ads, no telemetry",
Feature16,715,Text,,,
Feature17,716,Text,,,
Feature18,717,Text,,,
Feature19,718,Text,,,
Feature20,719,Text,,,
MinimumHardwareReq1,800,Text,,,
MinimumHardwareReq2,801,Text,,,
MinimumHardwareReq3,802,Text,,,
MinimumHardwareReq4,803,Text,,,
MinimumHardwareReq5,804,Text,,,
MinimumHardwareReq6,805,Text,,,
MinimumHardwareReq7,806,Text,,,
MinimumHardwareReq8,807,Text,,,
MinimumHardwareReq9,808,Text,,,
MinimumHardwareReq10,809,Text,,,
MinimumHardwareReq11,810,Text,,,
RecommendedHardwareReq1,850,Text,,,
RecommendedHardwareReq2,851,Text,,,
RecommendedHardwareReq3,852,Text,,,
RecommendedHardwareReq4,853,Text,,,
RecommendedHardwareReq5,854,Text,,,
RecommendedHardwareReq6,855,Text,,,
RecommendedHardwareReq7,856,Text,,,
RecommendedHardwareReq8,857,Text,,,
RecommendedHardwareReq9,858,Text,,,
RecommendedHardwareReq10,859,Text,,,
RecommendedHardwareReq11,860,Text,,,
SearchTerm1,900,Text,,photo sorter,
SearchTerm2,901,Text,,image viewer,
SearchTerm3,902,Text,,video sorter,
SearchTerm4,903,Text,,media organizer,
SearchTerm5,904,Text,,photo organizer,
SearchTerm6,905,Text,,slideshow viewer,
SearchTerm7,906,Text,,heic avif viewer,
TrailerToPlayAtTopOfListing,999,Relative path (or URL to file in Partner Center),,,
Trailer1,1000,Relative path (or URL to file in Partner Center),,,
Trailer2,1001,Relative path (or URL to file in Partner Center),,,
Trailer3,1002,Relative path (or URL to file in Partner Center),,,
Trailer4,1003,Relative path (or URL to file in Partner Center),,,
Trailer5,1004,Relative path (or URL to file in Partner Center),,,
Trailer6,1005,Relative path (or URL to file in Partner Center),,,
Trailer7,1006,Relative path (or URL to file in Partner Center),,,
Trailer8,1007,Relative path (or URL to file in Partner Center),,,
Trailer9,1008,Relative path (or URL to file in Partner Center),,,
Trailer10,1009,Relative path (or URL to file in Partner Center),,,
Trailer11,1010,Relative path (or URL to file in Partner Center),,,
Trailer12,1011,Relative path (or URL to file in Partner Center),,,
Trailer13,1012,Relative path (or URL to file in Partner Center),,,
Trailer14,1013,Relative path (or URL to file in Partner Center),,,
Trailer15,1014,Relative path (or URL to file in Partner Center),,,
TrailerTitle1,1020,Text,,,
TrailerTitle2,1021,Text,,,
TrailerTitle3,1022,Text,,,
TrailerTitle4,1023,Text,,,
TrailerTitle5,1024,Text,,,
TrailerTitle6,1025,Text,,,
TrailerTitle7,1026,Text,,,
TrailerTitle8,1027,Text,,,
TrailerTitle9,1028,Text,,,
TrailerTitle10,1029,Text,,,
TrailerTitle11,1030,Text,,,
TrailerTitle12,1031,Text,,,
TrailerTitle13,1032,Text,,,
TrailerTitle14,1033,Text,,,
TrailerTitle15,1034,Text,,,
TrailerThumbnail1,1040,Relative path (or URL to file in Partner Center),,,
TrailerThumbnail2,1041,Relative path (or URL to file in Partner Center),,,
TrailerThumbnail3,1042,Relative path (or URL to file in Partner Center),,,
TrailerThumbnail4,1043,Relative path (or URL to file in Partner Center),,,
TrailerThumbnail5,1044,Relative path (or URL to file in Partner Center),,,
TrailerThumbnail6,1045,Relative path (or URL to file in Partner Center),,,
TrailerThumbnail7,1046,Relative path (or URL to file in Partner Center),,,
TrailerThumbnail8,1047,Relative path (or URL to file in Partner Center),,,
TrailerThumbnail9,1048,Relative path (or URL to file in Partner Center),,,
TrailerThumbnail10,1049,Relative path (or URL to file in Partner Center),,,
TrailerThumbnail11,1050,Relative path (or URL to file in Partner Center),,,
TrailerThumbnail12,1051,Relative path (or URL to file in Partner Center),,,
TrailerThumbnail13,1052,Relative path (or URL to file in Partner Center),,,
TrailerThumbnail14,1053,Relative path (or URL to file in Partner Center),,,
TrailerThumbnail15,1054,Relative path (or URL to file in Partner Center),,,
TrailerClosedCaption1,1055,Relative path (or URL to file in Partner Center),,,
TrailerClosedCaption2,1056,Relative path (or URL to file in Partner Center),,,
TrailerClosedCaption3,1057,Relative path (or URL to file in Partner Center),,,
TrailerClosedCaption4,1058,Relative path (or URL to file in Partner Center),,,
TrailerClosedCaption5,1059,Relative path (or URL to file in Partner Center),,,
TrailerClosedCaption6,1060,Relative path (or URL to file in Partner Center),,,
TrailerClosedCaption7,1061,Relative path (or URL to file in Partner Center),,,
TrailerClosedCaption8,1062,Relative path (or URL to file in Partner Center),,,
TrailerClosedCaption9,1063,Relative path (or URL to file in Partner Center),,,
TrailerClosedCaption10,1064,Relative path (or URL to file in Partner Center),,,
TrailerClosedCaption11,1065,Relative path (or URL to file in Partner Center),,,
TrailerClosedCaption12,1066,Relative path (or URL to file in Partner Center),,,
TrailerClosedCaption13,1067,Relative path (or URL to file in Partner Center),,,
TrailerClosedCaption14,1068,Relative path (or URL to file in Partner Center),,,
TrailerClosedCaption15,1069,Relative path (or URL to file in Partner Center),,,
TrailerAudioDescription1,1070,Relative path (or URL to file in Partner Center),,,
TrailerAudioDescription2,1071,Relative path (or URL to file in Partner Center),,,
TrailerAudioDescription3,1072,Relative path (or URL to file in Partner Center),,,
TrailerAudioDescription4,1073,Relative path (or URL to file in Partner Center),,,
TrailerAudioDescription5,1074,Relative path (or URL to file in Partner Center),,,
TrailerAudioDescription6,1075,Relative path (or URL to file in Partner Center),,,
TrailerAudioDescription7,1076,Relative path (or URL to file in Partner Center),,,
TrailerAudioDescription8,1077,Relative path (or URL to file in Partner Center),,,
TrailerAudioDescription9,1078,Relative path (or URL to file in Partner Center),,,
TrailerAudioDescription10,1079,Relative path (or URL to file in Partner Center),,,
TrailerAudioDescription11,1080,Relative path (or URL to file in Partner Center),,,
TrailerAudioDescription12,1081,Relative path (or URL to file in Partner Center),,,
TrailerAudioDescription13,1082,Relative path (or URL to file in Partner Center),,,
TrailerAudioDescription14,1083,Relative path (or URL to file in Partner Center),,,
TrailerAudioDescription15,1084,Relative path (or URL to file in Partner Center),,,
,,,,,
,,,,,
,,,,,
,,,,,
,,,,,
,,,,,
,,,,,
,,,,,
,,,,,
,,,,,
,,,,,
,,,,,
,,,,,
,,,,,
,,,,,
,,,,,
,,,,,
,,,,,
,,,,,
,,,,,
,,,,,
,,,,,
,,,,,
,,,,,
